CenterRouter_000,Link_0000,Client_0000
CenterRouter_000,Link_0001,Client_0001
CenterRouter_000,Link_0002,Client_0002
CenterRouter_000,Link_0003,Client_0003
CenterRouter_000,Backbone_000,Gateway_000
CenterRouter_001,Link_0010,Client_0010
CenterRouter_001,Link_0011,Client_0011
CenterRouter_001,Link_0012,Client_0012
CenterRouter_001,Link_0013,Client_0013
CenterRouter_001,Backbone_001,Gateway_001
CenterRouter_002,Link_0020,Client_0020
CenterRouter_002,Link_0021,Client_0021
CenterRouter_002,Link_0022,Client_0022
CenterRouter_002,Link_0023,Client_0023
CenterRouter_002,Backbone_002,Gateway_002
CenterRouter_003,Link_0030,Client_0030
CenterRouter_003,Link_0031,Client_0031
CenterRouter_003,Link_0032,Client_0032
CenterRouter_003,Link_0033,Client_0033
CenterRouter_003,Backbone_003,Gateway_003
CenterRouter_00,Backbone_00,Gateway_00
CenterRouter_00,Serverlink_00,Server_00
CenterRouter_010,Link_0100,Client_0100
CenterRouter_010,Link_0101,Client_0101
CenterRouter_010,Link_0102,Client_0102
CenterRouter_010,Link_0103,Client_0103
CenterRouter_010,Backbone_010,Gateway_010
CenterRouter_011,Link_0110,Client_0110
CenterRouter_011,Link_0111,Client_0111
CenterRouter_011,Link_0112,Client_0112
CenterRouter_011,Link_0113,Client_0113
CenterRouter_011,Backbone_011,Gateway_011
CenterRouter_012,Link_0120,Client_0120
CenterRouter_012,Link_0121,Client_0121
CenterRouter_012,Link_0122,Client_0122
CenterRouter_012,Link_0123,Client_0123
CenterRouter_012,Backbone_012,Gateway_012
CenterRouter_013,Link_0130,Client_0130
CenterRouter_013,Link_0131,Client_0131
CenterRouter_013,Link_0132,Client_0132
CenterRouter_013,Link_0133,Client_0133
CenterRouter_013,Backbone_013,Gateway_013
CenterRouter_01,Backbone_01,Gateway_01
CenterRouter_01,Serverlink_01,Server_01
CenterRouter_020,Link_0200,Client_0200
CenterRouter_020,Link_0201,Client_0201
CenterRouter_020,Link_0202,Client_0202
CenterRouter_020,Link_0203,Client_0203
CenterRouter_020,Backbone_020,Gateway_020
CenterRouter_021,Link_0210,Client_0210
CenterRouter_021,Link_0211,Client_0211
CenterRouter_021,Link_0212,Client_0212
CenterRouter_021,Link_0213,Client_0213
CenterRouter_021,Backbone_021,Gateway_021
CenterRouter_022,Link_0220,Client_0220
CenterRouter_022,Link_0221,Client_0221
CenterRouter_022,Link_0222,Client_0222
CenterRouter_022,Link_0223,Client_0223
CenterRouter_022,Backbone_022,Gateway_022
CenterRouter_023,Link_0230,Client_0230
CenterRouter_023,Link_0231,Client_0231
CenterRouter_023,Link_0232,Client_0232
CenterRouter_023,Link_0233,Client_0233
CenterRouter_023,Backbone_023,Gateway_023
CenterRouter_02,Backbone_02,Gateway_02
CenterRouter_02,Serverlink_02,Server_02
CenterRouter_030,Link_0300,Client_0300
CenterRouter_030,Link_0301,Client_0301
CenterRouter_030,Link_0302,Client_0302
CenterRouter_030,Link_0303,Client_0303
CenterRouter_030,Backbone_030,Gateway_030
CenterRouter_031,Link_0310,Client_0310
CenterRouter_031,Link_0311,Client_0311
CenterRouter_031,Link_0312,Client_0312
CenterRouter_031,Link_0313,Client_0313
CenterRouter_031,Backbone_031,Gateway_031
CenterRouter_032,Link_0320,Client_0320
CenterRouter_032,Link_0321,Client_0321
CenterRouter_032,Link_0322,Client_0322
CenterRouter_032,Link_0323,Client_0323
CenterRouter_032,Backbone_032,Gateway_032
CenterRouter_033,Link_0330,Client_0330
CenterRouter_033,Link_0331,Client_0331
CenterRouter_033,Link_0332,Client_0332
CenterRouter_033,Link_0333,Client_0333
CenterRouter_033,Backbone_033,Gateway_033
CenterRouter_03,Backbone_03,Gateway_03
CenterRouter_03,Serverlink_03,Server_03
CenterRouter_0,Backbone_0,Gateway_0
CenterRouter_0,Serverlink_0,Server_0
Gateway_00,Link_000,Gateway_000
Gateway_00,Link_001,Gateway_001
Gateway_00,Link_002,Gateway_002
Gateway_00,Link_003,Gateway_003
Gateway_01,Link_010,Gateway_010
Gateway_01,Link_011,Gateway_011
Gateway_01,Link_012,Gateway_012
Gateway_01,Link_013,Gateway_013
Gateway_02,Link_020,Gateway_020
Gateway_02,Link_021,Gateway_021
Gateway_02,Link_022,Gateway_022
Gateway_02,Link_023,Gateway_023
Gateway_03,Link_030,Gateway_030
Gateway_03,Link_031,Gateway_031
Gateway_03,Link_032,Gateway_032
Gateway_03,Link_033,Gateway_033
Gateway_0,Link_00,Gateway_00
Gateway_0,Link_01,Gateway_01
Gateway_0,Link_02,Gateway_02
Gateway_0,Link_03,Gateway_03
